Frontend Developer,Houston Apps,
PHP/JS developer,Liluweb,
Администратор сайта,"Савкова К.С., ФОП",10 000 грн
Senior Angular JavaScript Developer,Acceptic LTD,
Front-end (AngularJS) developer,SSA Group,
"Full Stack Developer,  Online Supermarket Services (Relocation to Lublin,  ...",DataArt,
Senior NodeJS developer (full stack),TechHunt  агентство,
FrontEnd Developer,Vilmate,
Senior JavaScript Engineer,Acceptic LTD,
Junior Full-Stack Web Developer,CUDEV,
Front-end developer (middle),Zakupka.com,20 000 грн
Senior JS/PHP (AngularJS and Symfony) developer,"TEAM International Services, Inc",
JavaScript Lead,NIX Solutions ltd.,
"Front end developer,  markup",Multi-programming Solutions,
Front-end developer,ITCraft,
Front-End Developer,"BIG DROP, ООО",
Senior SAPUI5 Developer,Acceptic LTD,
JavaScript developer,LineUp,15 000 грн
Intermediate React JavaScript Developer,Acceptic LTD,
Senior JavaScript Developer,Acceptic LTD,
Junior Front End developer,CUDEV,
Senior Front-end Developer,Admanic Ukraine,
Junior Full-stack developer,Будстрой ЛТД,
Backend Node.js/PHP developer,Sky-tech,
Front-end developer (AngularJS),Work-nest,
Node.js developer with English,Multi-programming Solutions,90 000 грн
Front-end Developer (Middle),Benef-it,
Middle Javascript developer,NIX Solutions ltd.,
"Middle Ruby Developer with Ember.js Experience,  Feedback Platform",DataArt,
Node.js Developer,MobiDev,
"PHP/JS programmer (remote job,  whole Ukraine)",ABC Hosting Ltd dba Zzz.com.ua,
JavaScript developer,Zfort Group,
Senior Frontend/Javascript Developer (AngularJS),"Mimacom Ukraine, LLC",
"Front-end Developer (JS,  PHP)",izumiwebstudio,8 000 грн
WEB-developer,G5 Entertainment AB,
React.js Developer,AppliKey Solutions,
Middle Full Stack JavaScript developer (NodeJs + AngularJS),ITCraft,
Middle PHP/JS developer,ITCraft,
Senior PHP/JS developer,ITCraft,
Младший веб-разработчик (junior web-developer),ЕШКО,
Frontend Developer,Houston Apps,
PHP/JS developer,Liluweb,
Администратор сайта,"Савкова К.С., ФОП",10 000 грн
Senior Angular JavaScript Developer,Acceptic LTD,
Front-end (AngularJS) developer,SSA Group,
"Full Stack Developer,  Online Supermarket Services (Relocation to Lublin,  ...",DataArt,
Senior NodeJS developer (full stack),TechHunt  агентство,
FrontEnd Developer,Vilmate,
Senior JavaScript Engineer,Acceptic LTD,
Junior Full-Stack Web Developer,CUDEV,
Front-end developer (middle),Zakupka.com,20 000 грн
Senior JS/PHP (AngularJS and Symfony) developer,"TEAM International Services, Inc",
JavaScript Lead,NIX Solutions ltd.,
"Front end developer,  markup",Multi-programming Solutions,
Front-end developer,ITCraft,
Front-End Developer,"BIG DROP, ООО",
Senior SAPUI5 Developer,Acceptic LTD,
JavaScript developer,LineUp,15 000 грн
Intermediate React JavaScript Developer,Acceptic LTD,
Senior JavaScript Developer,Acceptic LTD,
Frontend Developer,Houston Apps,
PHP/JS developer,Liluweb,
Администратор сайта,"Савкова К.С., ФОП",10 000 грн
Senior Angular JavaScript Developer,Acceptic LTD,
Front-end (AngularJS) developer,SSA Group,
"Full Stack Developer,  Online Supermarket Services (Relocation to Lublin,  ...",DataArt,
Senior NodeJS developer (full stack),TechHunt  агентство,
FrontEnd Developer,Vilmate,
Senior JavaScript Engineer,Acceptic LTD,
Junior Full-Stack Web Developer,CUDEV,
Front-end developer (middle),Zakupka.com,20 000 грн
Senior JS/PHP (AngularJS and Symfony) developer,"TEAM International Services, Inc",
JavaScript Lead,NIX Solutions ltd.,
"Front end developer,  markup",Multi-programming Solutions,
Front-end developer,ITCraft,
Front-End Developer,"BIG DROP, ООО",
Senior SAPUI5 Developer,Acceptic LTD,
JavaScript developer,LineUp,15 000 грн
Intermediate React JavaScript Developer,Acceptic LTD,
Senior JavaScript Developer,Acceptic LTD,
Front End Developer,Luckyland Gaming,
"Front-end developer (JS,  HTML,  CSS)",Stearling Web Agency,
Med/Senior Frontend Web-Developer,Concert.ua,40 000 грн
Front-end Developer,КВЕСТ МАРКЕТИНГ ЛТД,22 000 грн
Senior Front-End Software Engineer,CEX.IO Labs,
Python/JavaScript Software Engineer,SPS Commerce (Ukraine),
Markup Developer,Luxoft,
Leading Front-End Developer (Angular JS),lifecell,
HTML Coder / Front-end Developer,Седьмой Уровень,18 000 грн
"Developer,  Professional Services",Selerant,
Front End Developer (JavaScript),ProgForce,
JavaScript Full stack Developer for Ciklum New Client (Kyiv),Ciklum,
Front-end Angular Developer,AdSaver,
Middle + / Senior Front-End / Full-Stack developer,Beetroot,
Senior Front End Developer for Ciklum Solutions JS Team,Ciklum,
Senior/Middle Front-end developer (React),EvoPlay,
Front-end Developer,Room 8 Studio,
Middle Front-end developer,BINTIME,
Senior JavaScript/React Developer,Intellias,
"Web-програміст,  Front-end developer",Холдинг CARTEL,25 000 грн
Front End Developer,Luckyland Gaming,
"Front-end developer (JS,  HTML,  CSS)",Stearling Web Agency,
Med/Senior Frontend Web-Developer,Concert.ua,40 000 грн
Front-end Developer,КВЕСТ МАРКЕТИНГ ЛТД,22 000 грн
Senior Front-End Software Engineer,CEX.IO Labs,
Python/JavaScript Software Engineer,SPS Commerce (Ukraine),
Markup Developer,Luxoft,
Leading Front-End Developer (Angular JS),lifecell,
HTML Coder / Front-end Developer,Седьмой Уровень,18 000 грн
"Developer,  Professional Services",Selerant,
Front End Developer (JavaScript),ProgForce,
JavaScript Full stack Developer for Ciklum New Client (Kyiv),Ciklum,
Front-end Angular Developer,AdSaver,
Middle + / Senior Front-End / Full-Stack developer,Beetroot,
Senior Front End Developer for Ciklum Solutions JS Team,Ciklum,
Senior/Middle Front-end developer (React),EvoPlay,
Front-end Developer,Room 8 Studio,
Middle Front-end developer,BINTIME,
Senior JavaScript/React Developer,Intellias,
"Web-програміст,  Front-end developer",Холдинг CARTEL,25 000 грн
Front End Developer,Luckyland Gaming,
"Front-end developer (JS,  HTML,  CSS)",Stearling Web Agency,
Med/Senior Frontend Web-Developer,Concert.ua,40 000 грн
Front-end Developer,КВЕСТ МАРКЕТИНГ ЛТД,22 000 грн
Senior Front-End Software Engineer,CEX.IO Labs,
Python/JavaScript Software Engineer,SPS Commerce (Ukraine),
Markup Developer,Luxoft,
Leading Front-End Developer (Angular JS),lifecell,
HTML Coder / Front-end Developer,Седьмой Уровень,18 000 грн
"Developer,  Professional Services",Selerant,
Front End Developer (JavaScript),ProgForce,
JavaScript Full stack Developer for Ciklum New Client (Kyiv),Ciklum,
Front-end Angular Developer,AdSaver,
Middle + / Senior Front-End / Full-Stack developer,Beetroot,
Senior Front End Developer for Ciklum Solutions JS Team,Ciklum,
Senior/Middle Front-end developer (React),EvoPlay,
Front-end Developer,Room 8 Studio,
Middle Front-end developer,BINTIME,
Senior JavaScript/React Developer,Intellias,
"Web-програміст,  Front-end developer",Холдинг CARTEL,25 000 грн
Front End Developer,Luckyland Gaming,
"Front-end developer (JS,  HTML,  CSS)",Stearling Web Agency,
Med/Senior Frontend Web-Developer,Concert.ua,40 000 грн
Front-end Developer,КВЕСТ МАРКЕТИНГ ЛТД,22 000 грн
Senior Front-End Software Engineer,CEX.IO Labs,
Python/JavaScript Software Engineer,SPS Commerce (Ukraine),
Markup Developer,Luxoft,
Leading Front-End Developer (Angular JS),lifecell,
HTML Coder / Front-end Developer,Седьмой Уровень,18 000 грн
"Developer,  Professional Services",Selerant,
Front End Developer (JavaScript),ProgForce,
JavaScript Full stack Developer for Ciklum New Client (Kyiv),Ciklum,
Front-end Angular Developer,AdSaver,
Middle + / Senior Front-End / Full-Stack developer,Beetroot,
Senior Front End Developer for Ciklum Solutions JS Team,Ciklum,
Senior/Middle Front-end developer (React),EvoPlay,
Front-end Developer,Room 8 Studio,
Middle Front-end developer,BINTIME,
Senior JavaScript/React Developer,Intellias,
"Web-програміст,  Front-end developer",Холдинг CARTEL,25 000 грн
Front End Developer,Luckyland Gaming,
"Front-end developer (JS,  HTML,  CSS)",Stearling Web Agency,
HTML/CSS/SCSS - верстальщик / Front-end Developer,Arnit,15 000 грн
Med/Senior Frontend Web-Developer,Concert.ua,40 000 грн
Front-end Developer,КВЕСТ МАРКЕТИНГ ЛТД,22 000 грн
Senior Front-End Software Engineer,CEX.IO Labs,
Python/JavaScript Software Engineer,SPS Commerce (Ukraine),
JavaScript Full stack Developer for Ciklum New Client (Kyiv),Ciklum,
Senior Front End Developer for Ciklum New Client,Ciklum,
Markup Developer,Luxoft,
Leading Front-End Developer (Angular JS),lifecell,
HTML Coder / Front-end Developer,Седьмой Уровень,18 000 грн
"Developer,  Professional Services",Selerant,
Front End Developer (JavaScript),ProgForce,
Front-end Angular Developer,AdSaver,
Middle + / Senior Front-End / Full-Stack developer,Beetroot,
Senior Front End Developer for Ciklum Solutions JS Team,Ciklum,
Senior/Middle Front-end developer (React),EvoPlay,
Front-end Developer,Room 8 Studio,
Middle Front-end developer,BINTIME,
Front End Developer,Luckyland Gaming,
"Front-end developer (JS,  HTML,  CSS)",Stearling Web Agency,
HTML/CSS/SCSS - верстальщик / Front-end Developer,Arnit,15 000 грн
Med/Senior Frontend Web-Developer,Concert.ua,40 000 грн
Front-end Developer,КВЕСТ МАРКЕТИНГ ЛТД,22 000 грн
Senior Front-End Software Engineer,CEX.IO Labs,
Python/JavaScript Software Engineer,SPS Commerce (Ukraine),
JavaScript Full stack Developer for Ciklum New Client (Kyiv),Ciklum,
Senior Front End Developer for Ciklum New Client,Ciklum,
Markup Developer,Luxoft,
Leading Front-End Developer (Angular JS),lifecell,
HTML Coder / Front-end Developer,Седьмой Уровень,18 000 грн
"Developer,  Professional Services",Selerant,
Front End Developer (JavaScript),ProgForce,
Front-end Angular Developer,AdSaver,
Middle + / Senior Front-End / Full-Stack developer,Beetroot,
Senior Front End Developer for Ciklum Solutions JS Team,Ciklum,
Senior/Middle Front-end developer (React),EvoPlay,
Front-end Developer,Room 8 Studio,
Middle Front-end developer,BINTIME,
